Drug,Test,Gene,Mutation,Region,aa,n,Susceptible
INH,RealTime MTB RIF/INH,katG,,315,1,,
INH,RealTime MTB RIF/INH,inhA,,-15,,1,
INH,RealTime MTB RIF/INH,katG,S315T,,1,,
INH,RealTime MTB RIF/INH,inhA,c-15t,,,1,
RIF,RealTime MTB RIF/INH,rpoB,,426,1,,
RIF,RealTime MTB RIF/INH,rpoB,,427,1,,
RIF,RealTime MTB RIF/INH,rpoB,,428,1,,
RIF,RealTime MTB RIF/INH,rpoB,,429,1,,
RIF,RealTime MTB RIF/INH,rpoB,,430,1,,
RIF,RealTime MTB RIF/INH,rpoB,,431,1,,
RIF,RealTime MTB RIF/INH,rpoB,,432,1,,
RIF,RealTime MTB RIF/INH,rpoB,,433,1,,
RIF,RealTime MTB RIF/INH,rpoB,,434,1,,
RIF,RealTime MTB RIF/INH,rpoB,,435,1,,
RIF,RealTime MTB RIF/INH,rpoB,,436,1,,
RIF,RealTime MTB RIF/INH,rpoB,,437,1,,
RIF,RealTime MTB RIF/INH,rpoB,,438,1,,
RIF,RealTime MTB RIF/INH,rpoB,,439,1,,
RIF,RealTime MTB RIF/INH,rpoB,,440,1,,
RIF,RealTime MTB RIF/INH,rpoB,,441,1,,
RIF,RealTime MTB RIF/INH,rpoB,,442,1,,
RIF,RealTime MTB RIF/INH,rpoB,,443,1,,
RIF,RealTime MTB RIF/INH,rpoB,,444,1,,
RIF,RealTime MTB RIF/INH,rpoB,,445,1,,
RIF,RealTime MTB RIF/INH,rpoB,,446,1,,
RIF,RealTime MTB RIF/INH,rpoB,,447,1,,
RIF,RealTime MTB RIF/INH,rpoB,,448,1,,
RIF,RealTime MTB RIF/INH,rpoB,,449,1,,
RIF,RealTime MTB RIF/INH,rpoB,,450,1,,
RIF,RealTime MTB RIF/INH,rpoB,,451,1,,
RIF,RealTime MTB RIF/INH,rpoB,,452,1,,
RIF,BD MAX MDR-TB,rpoB,,426,1,,
RIF,BD MAX MDR-TB,rpoB,,427,1,,
RIF,BD MAX MDR-TB,rpoB,,428,1,,
RIF,BD MAX MDR-TB,rpoB,,429,1,,
RIF,BD MAX MDR-TB,rpoB,,430,1,,
RIF,BD MAX MDR-TB,rpoB,,431,1,,
RIF,BD MAX MDR-TB,rpoB,,432,1,,
RIF,BD MAX MDR-TB,rpoB,,433,1,,
RIF,BD MAX MDR-TB,rpoB,,434,1,,
RIF,BD MAX MDR-TB,rpoB,,435,1,,
RIF,BD MAX MDR-TB,rpoB,,436,1,,
RIF,BD MAX MDR-TB,rpoB,,437,1,,
RIF,BD MAX MDR-TB,rpoB,,438,1,,
RIF,BD MAX MDR-TB,rpoB,,439,1,,
RIF,BD MAX MDR-TB,rpoB,,440,1,,
RIF,BD MAX MDR-TB,rpoB,,441,1,,
RIF,BD MAX MDR-TB,rpoB,,442,1,,
RIF,BD MAX MDR-TB,rpoB,,443,1,,
RIF,BD MAX MDR-TB,rpoB,,444,1,,
RIF,BD MAX MDR-TB,rpoB,,445,1,,
RIF,BD MAX MDR-TB,rpoB,,446,1,,
RIF,BD MAX MDR-TB,rpoB,,447,1,,
RIF,BD MAX MDR-TB,rpoB,,448,1,,
RIF,BD MAX MDR-TB,rpoB,,449,1,,
RIF,BD MAX MDR-TB,rpoB,,450,1,,
RIF,BD MAX MDR-TB,rpoB,,451,1,,
RIF,BD MAX MDR-TB,rpoB,,452,1,,
INH,BD MAX MDR-TB,katG,,315,1,,
INH,BD MAX MDR-TB,inhA,,-15,,1,
INH,cobas MTB-RIF/INH,katG,S315T,,1,,
INH,cobas MTB-RIF/INH,katG,S315I,,1,,
INH,cobas MTB-RIF/INH,katG,S315N,,1,,
INH,cobas MTB-RIF/INH,inhA,c-15t,,,1,
INH,cobas MTB-RIF/INH,inhA,t-8c,,,1,
INH,cobas MTB-RIF/INH,inhA,t-8a,,,1,
RIF,cobas MTB-RIF/INH,rpoB,L430P,,1,,
RIF,cobas MTB-RIF/INH,rpoB,Q432K,,1,,
RIF,cobas MTB-RIF/INH,rpoB,Q432L,,1,,
RIF,cobas MTB-RIF/INH,rpoB,Q432P,,1,,
RIF,cobas MTB-RIF/INH,rpoB,D435G,,1,,
RIF,cobas MTB-RIF/INH,rpoB,D435V,,1,,
RIF,cobas MTB-RIF/INH,rpoB,D435Y,,1,,
RIF,cobas MTB-RIF/INH,rpoB,S441L,,1,,
RIF,cobas MTB-RIF/INH,rpoB,S441Q,,1,,
RIF,cobas MTB-RIF/INH,rpoB,S441W,,1,,
RIF,cobas MTB-RIF/INH,rpoB,H445D,,1,,
RIF,cobas MTB-RIF/INH,rpoB,H445L,,1,,
RIF,cobas MTB-RIF/INH,rpoB,H445N,,1,,
RIF,cobas MTB-RIF/INH,rpoB,H445R,,1,,
RIF,cobas MTB-RIF/INH,rpoB,H445Y,,1,,
RIF,cobas MTB-RIF/INH,rpoB,S450L,,1,,
RIF,cobas MTB-RIF/INH,rpoB,S450W,,1,,
RIF,cobas MTB-RIF/INH,rpoB,L452P,,1,,
RIF,FluoroType MTBDR (V2),rpoB,T427A,,1,,
RIF,FluoroType MTBDR (V2),rpoB,S428T,,1,,
RIF,FluoroType MTBDR (V2),rpoB,E429H,,1,,
RIF,FluoroType MTBDR (V2),rpoB,L430P,,1,,
RIF,FluoroType MTBDR (V2),rpoB,S431K,,1,,
RIF,FluoroType MTBDR (V2),rpoB,Q432L,,1,,
RIF,FluoroType MTBDR (V2),rpoB,Q432P,,1,,
RIF,FluoroType MTBDR (V2),rpoB,Q432R,,1,,
RIF,FluoroType MTBDR (V2),rpoB,D435A,,1,,
RIF,FluoroType MTBDR (V2),rpoB,D435F,,1,,
RIF,FluoroType MTBDR (V2),rpoB,D435V,,1,,
RIF,FluoroType MTBDR (V2),rpoB,D435Y,,1,,
RIF,FluoroType MTBDR (V2),rpoB,N437I,,1,,
RIF,FluoroType MTBDR (V2),rpoB,S441L,,1,,
RIF,FluoroType MTBDR (V2),rpoB,S441Q,,1,,
RIF,FluoroType MTBDR (V2),rpoB,H445C,,1,,
RIF,FluoroType MTBDR (V2),rpoB,H445D,,1,,
RIF,FluoroType MTBDR (V2),rpoB,H445G,,1,,
RIF,FluoroType MTBDR (V2),rpoB,H445L,,1,,
RIF,FluoroType MTBDR (V2),rpoB,H445N,,1,,
RIF,FluoroType MTBDR (V2),rpoB,H445P,,1,,
RIF,FluoroType MTBDR (V2),rpoB,H445Q,,1,,
RIF,FluoroType MTBDR (V2),rpoB,H445R,,1,,
RIF,FluoroType MTBDR (V2),rpoB,H445S,,1,,
RIF,FluoroType MTBDR (V2),rpoB,H445Y,,1,,
RIF,FluoroType MTBDR (V2),rpoB,R448K,,1,,
RIF,FluoroType MTBDR (V2),rpoB,S450F,,1,,
RIF,FluoroType MTBDR (V2),rpoB,S450L,,1,,
RIF,FluoroType MTBDR (V2),rpoB,S450Q,,1,,
RIF,FluoroType MTBDR (V2),rpoB,S450W,,1,,
RIF,FluoroType MTBDR (V2),rpoB,L452E,,1,,
RIF,FluoroType MTBDR (V2),rpoB,L452P,,1,,
INH,FluoroType MTBDR (V2),katG,S315T,,1,,
INH,FluoroType MTBDR (V2),inhA,c-15t,,,1,
INH,FluoroType MTBDR (V2),katG,S315N,,1,,
INH,FluoroType MTBDR (V2),katG,S315R,,1,,
INH,FluoroType MTBDR (V2),inhA,t-8c,,,1,
INH,FluoroType MTBDR (V2),inhA,t-8a,,,1,
INH,FluoroType MTBDR (V2),inhA,g-9a,,,1,
INH,FluoroType MTBDR (V2),inhA,a-16g,,,1,
INH,FluoroType MTBDR (V2),inhA,g-17t,,,1,
INH,Genoscholar NTM+MDRTB detection kit 2,katG,,294,1,,
INH,Genoscholar NTM+MDRTB detection kit 2,katG,,295,1,,
INH,Genoscholar NTM+MDRTB detection kit 2,katG,,296,1,,
INH,Genoscholar NTM+MDRTB detection kit 2,katG,,297,1,,
INH,Genoscholar NTM+MDRTB detection kit 2,katG,,298,1,,
INH,Genoscholar NTM+MDRTB detection kit 2,katG,,299,1,,
RIF,Genoscholar NTM+MDRTB detection kit 2,rpoB,D435V,,1,,
RIF,Genoscholar NTM+MDRTB detection kit 2,rpoB,H445Y,,1,,
RIF,Genoscholar NTM+MDRTB detection kit 2,rpoB,H445D,,1,,
RIF,Genoscholar NTM+MDRTB detection kit 2,rpoB,S450L,,1,,
INH,Genoscholar NTM+MDRTB detection kit 2,inhA,a-16g,,,1,
INH,Genoscholar NTM+MDRTB detection kit 2,inhA,c-15t,,,1,
INH,Genoscholar NTM+MDRTB detection kit 2,inhA,t-8c,,,1,
INH,Genoscholar NTM+MDRTB detection kit 2,inhA,t-8a,,,1,
INH,Genoscholar NTM+MDRTB detection kit 2,inhA,,-3,,1,
INH,Genoscholar NTM+MDRTB detection kit 2,inhA,,-4,,1,
INH,Genoscholar NTM+MDRTB detection kit 2,inhA,,-5,,1,
INH,Genoscholar NTM+MDRTB detection kit 2,inhA,,-6,,1,
INH,Genoscholar NTM+MDRTB detection kit 2,inhA,,-7,,1,
INH,Genoscholar NTM+MDRTB detection kit 2,inhA,,-8,,1,
INH,Genoscholar NTM+MDRTB detection kit 2,inhA,,-9,,1,
INH,Genoscholar NTM+MDRTB detection kit 2,inhA,,-10,,1,
INH,Genoscholar NTM+MDRTB detection kit 2,inhA,,-11,,1,
INH,Genoscholar NTM+MDRTB detection kit 2,inhA,,-12,,1,
INH,Genoscholar NTM+MDRTB detection kit 2,inhA,,-13,,1,
INH,Genoscholar NTM+MDRTB detection kit 2,inhA,,-14,,1,
INH,Genoscholar NTM+MDRTB detection kit 2,inhA,,-15,,1,
INH,Genoscholar NTM+MDRTB detection kit 2,inhA,,-16,,1,
INH,Genoscholar NTM+MDRTB detection kit 2,inhA,,-17,,1,
INH,Genoscholar NTM+MDRTB detection kit 2,inhA,,6,1,,
INH,Genoscholar NTM+MDRTB detection kit 2,inhA,,7,1,,
INH,Genoscholar NTM+MDRTB detection kit 2,inhA,,8,1,,
INH,Genoscholar NTM+MDRTB detection kit 2,inhA,,9,1,,
INH,Genoscholar NTM+MDRTB detection kit 2,inhA,,10,1,,
INH,Genoscholar NTM+MDRTB detection kit 2,inhA,,11,1,,
INH,Genoscholar NTM+MDRTB detection kit 2,katG,,313,1,,
INH,Genoscholar NTM+MDRTB detection kit 2,katG,,314,1,,
INH,Genoscholar NTM+MDRTB detection kit 2,katG,,315,1,,
INH,Genoscholar NTM+MDRTB detection kit 2,katG,,316,1,,
INH,Genoscholar NTM+MDRTB detection kit 2,katG,,317,1,,
INH,Genoscholar NTM+MDRTB detection kit 2,katG,,318,1,,
INH,Genoscholar NTM+MDRTB detection kit 2,katG,,323,1,,
INH,Genoscholar NTM+MDRTB detection kit 2,katG,,324,1,,
INH,Genoscholar NTM+MDRTB detection kit 2,katG,,325,1,,
INH,Genoscholar NTM+MDRTB detection kit 2,katG,,326,1,,
INH,Genoscholar NTM+MDRTB detection kit 2,katG,,327,1,,
INH,Genoscholar NTM+MDRTB detection kit 2,katG,,328,1,,
INH,Genoscholar NTM+MDRTB detection kit 2,katG,,329,1,,
INH,Genoscholar NTM+MDRTB detection kit 2,katG,,330,1,,
INH,Genoscholar NTM+MDRTB detection kit 2,katG,S315T,,1,,
INH,Genoscholar NTM+MDRTB detection kit 2,katG,S315N,,1,,
RIF,Genoscholar NTM+MDRTB detection kit 2,rpoB,,428,1,,
RIF,Genoscholar NTM+MDRTB detection kit 2,rpoB,,429,1,,
RIF,Genoscholar NTM+MDRTB detection kit 2,rpoB,,430,1,,
RIF,Genoscholar NTM+MDRTB detection kit 2,rpoB,,431,1,,
RIF,Genoscholar NTM+MDRTB detection kit 2,rpoB,,432,1,,
RIF,Genoscholar NTM+MDRTB detection kit 2,rpoB,,433,1,,
RIF,Genoscholar NTM+MDRTB detection kit 2,rpoB,,434,1,,
RIF,Genoscholar NTM+MDRTB detection kit 2,rpoB,,435,1,,
RIF,Genoscholar NTM+MDRTB detection kit 2,rpoB,,436,1,,
RIF,Genoscholar NTM+MDRTB detection kit 2,rpoB,,437,1,,
RIF,Genoscholar NTM+MDRTB detection kit 2,rpoB,,438,1,,
RIF,Genoscholar NTM+MDRTB detection kit 2,rpoB,,439,1,,
RIF,Genoscholar NTM+MDRTB detection kit 2,rpoB,,440,1,,
RIF,Genoscholar NTM+MDRTB detection kit 2,rpoB,,441,1,,
RIF,Genoscholar NTM+MDRTB detection kit 2,rpoB,,442,1,,
RIF,Genoscholar NTM+MDRTB detection kit 2,rpoB,,443,1,,
RIF,Genoscholar NTM+MDRTB detection kit 2,rpoB,,444,1,,
RIF,Genoscholar NTM+MDRTB detection kit 2,rpoB,,445,1,,
RIF,Genoscholar NTM+MDRTB detection kit 2,rpoB,,446,1,,
RIF,Genoscholar NTM+MDRTB detection kit 2,rpoB,,447,1,,
RIF,Genoscholar NTM+MDRTB detection kit 2,rpoB,,448,1,,
RIF,Genoscholar NTM+MDRTB detection kit 2,rpoB,,449,1,,
RIF,Genoscholar NTM+MDRTB detection kit 2,rpoB,,450,1,,
RIF,Genoscholar NTM+MDRTB detection kit 2,rpoB,,451,1,,
RIF,Genoscholar NTM+MDRTB detection kit 2,rpoB,,452,1,,
RIF,Genoscholar NTM+MDRTB detection kit 2,rpoB,,453,1,,
PZA,Genoscholar PZA-TB II,pncA,,-17,,1,
PZA,Genoscholar PZA-TB II,pncA,,-16,,1,
PZA,Genoscholar PZA-TB II,pncA,,-15,,1,
PZA,Genoscholar PZA-TB II,pncA,,-14,,1,
PZA,Genoscholar PZA-TB II,pncA,,-13,,1,
PZA,Genoscholar PZA-TB II,pncA,,-12,,1,
PZA,Genoscholar PZA-TB II,pncA,,-11,,1,
PZA,Genoscholar PZA-TB II,pncA,,-10,,1,
PZA,Genoscholar PZA-TB II,pncA,,-9,,1,
PZA,Genoscholar PZA-TB II,pncA,,-8,,1,
PZA,Genoscholar PZA-TB II,pncA,,-7,,1,
PZA,Genoscholar PZA-TB II,pncA,,-6,,1,
PZA,Genoscholar PZA-TB II,pncA,,-5,,1,
PZA,Genoscholar PZA-TB II,pncA,,-4,,1,
PZA,Genoscholar PZA-TB II,pncA,,-3,,1,
PZA,Genoscholar PZA-TB II,pncA,,-2,,1,
PZA,Genoscholar PZA-TB II,pncA,,-1,,1,
PZA,Genoscholar PZA-TB II,pncA,,1,1,,
PZA,Genoscholar PZA-TB II,pncA,,2,1,,
PZA,Genoscholar PZA-TB II,pncA,,3,1,,
PZA,Genoscholar PZA-TB II,pncA,,4,1,,
PZA,Genoscholar PZA-TB II,pncA,,5,1,,
PZA,Genoscholar PZA-TB II,pncA,,6,1,,
PZA,Genoscholar PZA-TB II,pncA,,7,1,,
PZA,Genoscholar PZA-TB II,pncA,,8,1,,
PZA,Genoscholar PZA-TB II,pncA,,9,1,,
PZA,Genoscholar PZA-TB II,pncA,,10,1,,
PZA,Genoscholar PZA-TB II,pncA,,11,1,,
PZA,Genoscholar PZA-TB II,pncA,,12,1,,
PZA,Genoscholar PZA-TB II,pncA,,13,1,,
PZA,Genoscholar PZA-TB II,pncA,,14,1,,
PZA,Genoscholar PZA-TB II,pncA,,15,1,,
PZA,Genoscholar PZA-TB II,pncA,,16,1,,
PZA,Genoscholar PZA-TB II,pncA,,17,1,,
PZA,Genoscholar PZA-TB II,pncA,,18,1,,
PZA,Genoscholar PZA-TB II,pncA,,19,1,,
PZA,Genoscholar PZA-TB II,pncA,,20,1,,
PZA,Genoscholar PZA-TB II,pncA,,21,1,,
PZA,Genoscholar PZA-TB II,pncA,,22,1,,
PZA,Genoscholar PZA-TB II,pncA,,23,1,,
PZA,Genoscholar PZA-TB II,pncA,,24,1,,
PZA,Genoscholar PZA-TB II,pncA,,25,1,,
PZA,Genoscholar PZA-TB II,pncA,,26,1,,
PZA,Genoscholar PZA-TB II,pncA,,27,1,,
PZA,Genoscholar PZA-TB II,pncA,,28,1,,
PZA,Genoscholar PZA-TB II,pncA,,29,1,,
PZA,Genoscholar PZA-TB II,pncA,,30,1,,
PZA,Genoscholar PZA-TB II,pncA,,31,1,,
PZA,Genoscholar PZA-TB II,pncA,,32,1,,
PZA,Genoscholar PZA-TB II,pncA,,33,1,,
PZA,Genoscholar PZA-TB II,pncA,,34,1,,
PZA,Genoscholar PZA-TB II,pncA,,35,1,,
PZA,Genoscholar PZA-TB II,pncA,,36,1,,
PZA,Genoscholar PZA-TB II,pncA,,37,1,,
PZA,Genoscholar PZA-TB II,pncA,,38,1,,
PZA,Genoscholar PZA-TB II,pncA,,39,1,,
PZA,Genoscholar PZA-TB II,pncA,,40,1,,
PZA,Genoscholar PZA-TB II,pncA,,41,1,,
PZA,Genoscholar PZA-TB II,pncA,,42,1,,
PZA,Genoscholar PZA-TB II,pncA,,43,1,,
PZA,Genoscholar PZA-TB II,pncA,,44,1,,
PZA,Genoscholar PZA-TB II,pncA,,45,1,,
PZA,Genoscholar PZA-TB II,pncA,,46,1,,
PZA,Genoscholar PZA-TB II,pncA,,47,1,,
PZA,Genoscholar PZA-TB II,pncA,,48,1,,
PZA,Genoscholar PZA-TB II,pncA,,49,1,,
PZA,Genoscholar PZA-TB II,pncA,,50,1,,
PZA,Genoscholar PZA-TB II,pncA,,51,1,,
PZA,Genoscholar PZA-TB II,pncA,,52,1,,
PZA,Genoscholar PZA-TB II,pncA,,53,1,,
PZA,Genoscholar PZA-TB II,pncA,,54,1,,
PZA,Genoscholar PZA-TB II,pncA,,55,1,,
PZA,Genoscholar PZA-TB II,pncA,,56,1,,
PZA,Genoscholar PZA-TB II,pncA,,57,1,,
PZA,Genoscholar PZA-TB II,pncA,,58,1,,
PZA,Genoscholar PZA-TB II,pncA,,59,1,,
PZA,Genoscholar PZA-TB II,pncA,,60,1,,
PZA,Genoscholar PZA-TB II,pncA,,61,1,,
PZA,Genoscholar PZA-TB II,pncA,,62,1,,
PZA,Genoscholar PZA-TB II,pncA,,63,1,,
PZA,Genoscholar PZA-TB II,pncA,,64,1,,
PZA,Genoscholar PZA-TB II,pncA,,65,1,,
PZA,Genoscholar PZA-TB II,pncA,,66,1,,
PZA,Genoscholar PZA-TB II,pncA,,67,1,,
PZA,Genoscholar PZA-TB II,pncA,,68,1,,
PZA,Genoscholar PZA-TB II,pncA,,69,1,,
PZA,Genoscholar PZA-TB II,pncA,,70,1,,
PZA,Genoscholar PZA-TB II,pncA,,71,1,,
PZA,Genoscholar PZA-TB II,pncA,,72,1,,
PZA,Genoscholar PZA-TB II,pncA,,73,1,,
PZA,Genoscholar PZA-TB II,pncA,,74,1,,
PZA,Genoscholar PZA-TB II,pncA,,75,1,,
PZA,Genoscholar PZA-TB II,pncA,,76,1,,
PZA,Genoscholar PZA-TB II,pncA,,77,1,,
PZA,Genoscholar PZA-TB II,pncA,,78,1,,
PZA,Genoscholar PZA-TB II,pncA,,79,1,,
PZA,Genoscholar PZA-TB II,pncA,,80,1,,
PZA,Genoscholar PZA-TB II,pncA,,81,1,,
PZA,Genoscholar PZA-TB II,pncA,,82,1,,
PZA,Genoscholar PZA-TB II,pncA,,83,1,,
PZA,Genoscholar PZA-TB II,pncA,,84,1,,
PZA,Genoscholar PZA-TB II,pncA,,85,1,,
PZA,Genoscholar PZA-TB II,pncA,,86,1,,
PZA,Genoscholar PZA-TB II,pncA,,87,1,,
PZA,Genoscholar PZA-TB II,pncA,,88,1,,
PZA,Genoscholar PZA-TB II,pncA,,89,1,,
PZA,Genoscholar PZA-TB II,pncA,,90,1,,
PZA,Genoscholar PZA-TB II,pncA,,91,1,,
PZA,Genoscholar PZA-TB II,pncA,,92,1,,
PZA,Genoscholar PZA-TB II,pncA,,93,1,,
PZA,Genoscholar PZA-TB II,pncA,,94,1,,
PZA,Genoscholar PZA-TB II,pncA,,95,1,,
PZA,Genoscholar PZA-TB II,pncA,,96,1,,
PZA,Genoscholar PZA-TB II,pncA,,97,1,,
PZA,Genoscholar PZA-TB II,pncA,,98,1,,
PZA,Genoscholar PZA-TB II,pncA,,99,1,,
PZA,Genoscholar PZA-TB II,pncA,,100,1,,
PZA,Genoscholar PZA-TB II,pncA,,101,1,,
PZA,Genoscholar PZA-TB II,pncA,,102,1,,
PZA,Genoscholar PZA-TB II,pncA,,103,1,,
PZA,Genoscholar PZA-TB II,pncA,,104,1,,
PZA,Genoscholar PZA-TB II,pncA,,105,1,,
PZA,Genoscholar PZA-TB II,pncA,,106,1,,
PZA,Genoscholar PZA-TB II,pncA,,107,1,,
PZA,Genoscholar PZA-TB II,pncA,,108,1,,
PZA,Genoscholar PZA-TB II,pncA,,109,1,,
PZA,Genoscholar PZA-TB II,pncA,,110,1,,
PZA,Genoscholar PZA-TB II,pncA,,111,1,,
PZA,Genoscholar PZA-TB II,pncA,,112,1,,
PZA,Genoscholar PZA-TB II,pncA,,113,1,,
PZA,Genoscholar PZA-TB II,pncA,,114,1,,
PZA,Genoscholar PZA-TB II,pncA,,115,1,,
PZA,Genoscholar PZA-TB II,pncA,,116,1,,
PZA,Genoscholar PZA-TB II,pncA,,117,1,,
PZA,Genoscholar PZA-TB II,pncA,,118,1,,
PZA,Genoscholar PZA-TB II,pncA,,119,1,,
PZA,Genoscholar PZA-TB II,pncA,,120,1,,
PZA,Genoscholar PZA-TB II,pncA,,121,1,,
PZA,Genoscholar PZA-TB II,pncA,,122,1,,
PZA,Genoscholar PZA-TB II,pncA,,123,1,,
PZA,Genoscholar PZA-TB II,pncA,,124,1,,
PZA,Genoscholar PZA-TB II,pncA,,125,1,,
PZA,Genoscholar PZA-TB II,pncA,,126,1,,
PZA,Genoscholar PZA-TB II,pncA,,127,1,,
PZA,Genoscholar PZA-TB II,pncA,,128,1,,
PZA,Genoscholar PZA-TB II,pncA,,129,1,,
PZA,Genoscholar PZA-TB II,pncA,,130,1,,
PZA,Genoscholar PZA-TB II,pncA,,131,1,,
PZA,Genoscholar PZA-TB II,pncA,,132,1,,
PZA,Genoscholar PZA-TB II,pncA,,133,1,,
PZA,Genoscholar PZA-TB II,pncA,,134,1,,
PZA,Genoscholar PZA-TB II,pncA,,135,1,,
PZA,Genoscholar PZA-TB II,pncA,,136,1,,
PZA,Genoscholar PZA-TB II,pncA,,137,1,,
PZA,Genoscholar PZA-TB II,pncA,,138,1,,
PZA,Genoscholar PZA-TB II,pncA,,139,1,,
PZA,Genoscholar PZA-TB II,pncA,,140,1,,
PZA,Genoscholar PZA-TB II,pncA,,141,1,,
PZA,Genoscholar PZA-TB II,pncA,,142,1,,
PZA,Genoscholar PZA-TB II,pncA,,143,1,,
PZA,Genoscholar PZA-TB II,pncA,,144,1,,
PZA,Genoscholar PZA-TB II,pncA,,145,1,,
PZA,Genoscholar PZA-TB II,pncA,,146,1,,
PZA,Genoscholar PZA-TB II,pncA,,147,1,,
PZA,Genoscholar PZA-TB II,pncA,,148,1,,
PZA,Genoscholar PZA-TB II,pncA,,149,1,,
PZA,Genoscholar PZA-TB II,pncA,,150,1,,
PZA,Genoscholar PZA-TB II,pncA,,151,1,,
PZA,Genoscholar PZA-TB II,pncA,,152,1,,
PZA,Genoscholar PZA-TB II,pncA,,153,1,,
PZA,Genoscholar PZA-TB II,pncA,,154,1,,
PZA,Genoscholar PZA-TB II,pncA,,155,1,,
PZA,Genoscholar PZA-TB II,pncA,,156,1,,
PZA,Genoscholar PZA-TB II,pncA,,157,1,,
PZA,Genoscholar PZA-TB II,pncA,,158,1,,
PZA,Genoscholar PZA-TB II,pncA,,159,1,,
PZA,Genoscholar PZA-TB II,pncA,,160,1,,
PZA,Genoscholar PZA-TB II,pncA,,161,1,,
PZA,Genoscholar PZA-TB II,pncA,,162,1,,
PZA,Genoscholar PZA-TB II,pncA,,163,1,,
PZA,Genoscholar PZA-TB II,pncA,,164,1,,
PZA,Genoscholar PZA-TB II,pncA,,165,1,,
PZA,Genoscholar PZA-TB II,pncA,,166,1,,
PZA,Genoscholar PZA-TB II,pncA,,167,1,,
PZA,Genoscholar PZA-TB II,pncA,,168,1,,
PZA,Genoscholar PZA-TB II,pncA,,169,1,,
PZA,Genoscholar PZA-TB II,pncA,,170,1,,
PZA,Genoscholar PZA-TB II,pncA,,171,1,,
PZA,Genoscholar PZA-TB II,pncA,,172,1,,
PZA,Genoscholar PZA-TB II,pncA,,173,1,,
PZA,Genoscholar PZA-TB II,pncA,,174,1,,
PZA,Genoscholar PZA-TB II,pncA,,175,1,,
PZA,Genoscholar PZA-TB II,pncA,,176,1,,
PZA,Genoscholar PZA-TB II,pncA,,177,1,,
PZA,Genoscholar PZA-TB II,pncA,,178,1,,
PZA,Genoscholar PZA-TB II,pncA,,179,1,,
PZA,Genoscholar PZA-TB II,pncA,,180,1,,
PZA,Genoscholar PZA-TB II,pncA,,181,1,,
PZA,Genoscholar PZA-TB II,pncA,,182,1,,
PZA,Genoscholar PZA-TB II,pncA,,183,1,,
PZA,Genoscholar PZA-TB II,pncA,,184,1,,
PZA,Genoscholar PZA-TB II,pncA,,185,1,,
PZA,Genoscholar PZA-TB II,pncA,,,,,S65S
PZA,Genoscholar PZA-TB II,pncA,,,,,G60G
PZA,Genoscholar PZA-TB II,pncA,,,,,T142T
INH,GenoType MTBDRplus Ver 2.0,katG,S315T,,1,,
INH,GenoType MTBDRplus Ver 2.0,katG,S315N,,1,,
INH,GenoType MTBDRplus Ver 2.0,inhA,c-15t,,,1,
INH,GenoType MTBDRplus Ver 2.0,inhA,a-16g,,,1,
INH,GenoType MTBDRplus Ver 2.0,inhA,t-8c,,,1,
INH,GenoType MTBDRplus Ver 2.0,inhA,t-8a,,,1,
RIF,GenoType MTBDRplus Ver 2.0,rpoB,D435V,,1,,
RIF,GenoType MTBDRplus Ver 2.0,rpoB,H445Y,,1,,
RIF,GenoType MTBDRplus Ver 2.0,rpoB,H445D,,1,,
RIF,GenoType MTBDRplus Ver 2.0,rpoB,S450L,,1,,
INH,GenoType MTBDRplus Ver 2.0,katG,,315,1,,
INH,GenoType MTBDRplus Ver 2.0,inhA,,-16,,1,
INH,GenoType MTBDRplus Ver 2.0,inhA,,-15,,1,
INH,GenoType MTBDRplus Ver 2.0,inhA,,-14,,1,
INH,GenoType MTBDRplus Ver 2.0,inhA,,-13,,1,
INH,GenoType MTBDRplus Ver 2.0,inhA,,-12,,1,
INH,GenoType MTBDRplus Ver 2.0,inhA,,-11,,1,
INH,GenoType MTBDRplus Ver 2.0,inhA,,-10,,1,
INH,GenoType MTBDRplus Ver 2.0,inhA,,-9,,1,
INH,GenoType MTBDRplus Ver 2.0,inhA,,-8,,1,
RIF,GenoType MTBDRplus Ver 2.0,rpoB,,424,1,,
RIF,GenoType MTBDRplus Ver 2.0,rpoB,,425,1,,
RIF,GenoType MTBDRplus Ver 2.0,rpoB,,426,1,,
RIF,GenoType MTBDRplus Ver 2.0,rpoB,,427,1,,
RIF,GenoType MTBDRplus Ver 2.0,rpoB,,428,1,,
RIF,GenoType MTBDRplus Ver 2.0,rpoB,,429,1,,
RIF,GenoType MTBDRplus Ver 2.0,rpoB,,430,1,,
RIF,GenoType MTBDRplus Ver 2.0,rpoB,,431,1,,
RIF,GenoType MTBDRplus Ver 2.0,rpoB,,432,1,,
RIF,GenoType MTBDRplus Ver 2.0,rpoB,,433,1,,
RIF,GenoType MTBDRplus Ver 2.0,rpoB,,434,1,,
RIF,GenoType MTBDRplus Ver 2.0,rpoB,,435,1,,
RIF,GenoType MTBDRplus Ver 2.0,rpoB,,436,1,,
RIF,GenoType MTBDRplus Ver 2.0,rpoB,,437,1,,
RIF,GenoType MTBDRplus Ver 2.0,rpoB,,438,1,,
RIF,GenoType MTBDRplus Ver 2.0,rpoB,,439,1,,
RIF,GenoType MTBDRplus Ver 2.0,rpoB,,440,1,,
RIF,GenoType MTBDRplus Ver 2.0,rpoB,,441,1,,
RIF,GenoType MTBDRplus Ver 2.0,rpoB,,442,1,,
RIF,GenoType MTBDRplus Ver 2.0,rpoB,,443,1,,
RIF,GenoType MTBDRplus Ver 2.0,rpoB,,444,1,,
RIF,GenoType MTBDRplus Ver 2.0,rpoB,,445,1,,
RIF,GenoType MTBDRplus Ver 2.0,rpoB,,446,1,,
RIF,GenoType MTBDRplus Ver 2.0,rpoB,,447,1,,
RIF,GenoType MTBDRplus Ver 2.0,rpoB,,448,1,,
RIF,GenoType MTBDRplus Ver 2.0,rpoB,,449,1,,
RIF,GenoType MTBDRplus Ver 2.0,rpoB,,450,1,,
RIF,GenoType MTBDRplus Ver 2.0,rpoB,,451,1,,
RIF,GenoType MTBDRplus Ver 2.0,rpoB,,452,1,,
MXF,GenoType MTBDRsl Ver 1.0,gyrA,A90V,,1,,
MXF,GenoType MTBDRsl Ver 1.0,gyrA,S91P,,1,,
MXF,GenoType MTBDRsl Ver 1.0,gyrA,D94A,,1,,
MXF,GenoType MTBDRsl Ver 1.0,gyrA,D94N,,1,,
MXF,GenoType MTBDRsl Ver 1.0,gyrA,D94Y,,1,,
MXF,GenoType MTBDRsl Ver 1.0,gyrA,D94G,,1,,
MXF,GenoType MTBDRsl Ver 1.0,gyrA,D94H,,1,,
AMI,GenoType MTBDRsl Ver 1.0,rrs,a1401g,,,1,
AMI,GenoType MTBDRsl Ver 1.0,rrs,g1484t,,,1,
CAP,GenoType MTBDRsl Ver 1.0,rrs,a1401g,,,1,
CAP,GenoType MTBDRsl Ver 1.0,rrs,g1484t,,,1,
KAN,GenoType MTBDRsl Ver 1.0,rrs,a1401g,,,1,
KAN,GenoType MTBDRsl Ver 1.0,rrs,g1484t,,,1,
LEV,GenoType MTBDRsl Ver 1.0,gyrA,A90V,,1,,
LEV,GenoType MTBDRsl Ver 1.0,gyrA,S91P,,1,,
LEV,GenoType MTBDRsl Ver 1.0,gyrA,D94A,,1,,
LEV,GenoType MTBDRsl Ver 1.0,gyrA,D94N,,1,,
LEV,GenoType MTBDRsl Ver 1.0,gyrA,D94Y,,1,,
LEV,GenoType MTBDRsl Ver 1.0,gyrA,D94G,,1,,
LEV,GenoType MTBDRsl Ver 1.0,gyrA,D94H,,1,,
LEV,GenoType MTBDRsl Ver 1.0,gyrA,,85,1,,
LEV,GenoType MTBDRsl Ver 1.0,gyrA,,86,1,,
LEV,GenoType MTBDRsl Ver 1.0,gyrA,,87,1,,
LEV,GenoType MTBDRsl Ver 1.0,gyrA,,88,1,,
LEV,GenoType MTBDRsl Ver 1.0,gyrA,,89,1,,
LEV,GenoType MTBDRsl Ver 1.0,gyrA,,90,1,,
LEV,GenoType MTBDRsl Ver 1.0,gyrA,,91,1,,
LEV,GenoType MTBDRsl Ver 1.0,gyrA,,92,1,,
LEV,GenoType MTBDRsl Ver 1.0,gyrA,,93,1,,
LEV,GenoType MTBDRsl Ver 1.0,gyrA,,94,1,,
LEV,GenoType MTBDRsl Ver 1.0,gyrA,,95,1,,
LEV,GenoType MTBDRsl Ver 1.0,gyrA,,96,1,,
LEV,GenoType MTBDRsl Ver 1.0,gyrA,,,,,S95T
MXF,GenoType MTBDRsl Ver 1.0,gyrA,,,,,S95T
MXF,GenoType MTBDRsl Ver 1.0,gyrA,,85,1,,
MXF,GenoType MTBDRsl Ver 1.0,gyrA,,86,1,,
MXF,GenoType MTBDRsl Ver 1.0,gyrA,,87,1,,
MXF,GenoType MTBDRsl Ver 1.0,gyrA,,88,1,,
MXF,GenoType MTBDRsl Ver 1.0,gyrA,,89,1,,
MXF,GenoType MTBDRsl Ver 1.0,gyrA,,90,1,,
MXF,GenoType MTBDRsl Ver 1.0,gyrA,,91,1,,
MXF,GenoType MTBDRsl Ver 1.0,gyrA,,92,1,,
MXF,GenoType MTBDRsl Ver 1.0,gyrA,,93,1,,
MXF,GenoType MTBDRsl Ver 1.0,gyrA,,94,1,,
MXF,GenoType MTBDRsl Ver 1.0,gyrA,,95,1,,
MXF,GenoType MTBDRsl Ver 1.0,gyrA,,96,1,,
AMI,GenoType MTBDRsl Ver 1.0,rrs,,1401,,1,
AMI,GenoType MTBDRsl Ver 1.0,rrs,,1402,,1,
CAP,GenoType MTBDRsl Ver 1.0,rrs,,1401,,1,
CAP,GenoType MTBDRsl Ver 1.0,rrs,,1402,,1,
KAN,GenoType MTBDRsl Ver 1.0,rrs,,1401,,1,
KAN,GenoType MTBDRsl Ver 1.0,rrs,,1402,,1,
KAN,GenoType MTBDRsl Ver 1.0,rrs,,1484,,1,
CAP,GenoType MTBDRsl Ver 1.0,rrs,,1484,,1,
AMI,GenoType MTBDRsl Ver 1.0,rrs,,1484,,1,
MXF,GenoType MTBDRsl Ver 2.0,gyrA,A90V,,1,,
MXF,GenoType MTBDRsl Ver 2.0,gyrA,S91P,,1,,
MXF,GenoType MTBDRsl Ver 2.0,gyrA,D94A,,1,,
MXF,GenoType MTBDRsl Ver 2.0,gyrA,D94N,,1,,
MXF,GenoType MTBDRsl Ver 2.0,gyrA,D94Y,,1,,
MXF,GenoType MTBDRsl Ver 2.0,gyrA,D94G,,1,,
MXF,GenoType MTBDRsl Ver 2.0,gyrA,D94H,,1,,
MXF,GenoType MTBDRsl Ver 2.0,gyrB,N499D,,1,,
MXF,GenoType MTBDRsl Ver 2.0,gyrB,E501D,,1,,
AMI,GenoType MTBDRsl Ver 2.0,rrs,a1401g,,,1,
AMI,GenoType MTBDRsl Ver 2.0,rrs,g1484t,,,1,
AMI,GenoType MTBDRsl Ver 2.0,eis,c-14t,,,1,
CAP,GenoType MTBDRsl Ver 2.0,rrs,a1401g,,,1,
CAP,GenoType MTBDRsl Ver 2.0,rrs,g1484t,,,1,
CAP,GenoType MTBDRsl Ver 2.0,eis,c-14t,,,1,
KAN,GenoType MTBDRsl Ver 2.0,rrs,a1401g,,,1,
KAN,GenoType MTBDRsl Ver 2.0,rrs,g1484t,,,1,
KAN,GenoType MTBDRsl Ver 2.0,eis,c-14t,,,1,
LEV,GenoType MTBDRsl Ver 2.0,gyrA,A90V,,1,,
LEV,GenoType MTBDRsl Ver 2.0,gyrA,S91P,,1,,
LEV,GenoType MTBDRsl Ver 2.0,gyrA,D94A,,1,,
LEV,GenoType MTBDRsl Ver 2.0,gyrA,D94N,,1,,
LEV,GenoType MTBDRsl Ver 2.0,gyrA,D94Y,,1,,
LEV,GenoType MTBDRsl Ver 2.0,gyrA,D94G,,1,,
LEV,GenoType MTBDRsl Ver 2.0,gyrA,D94H,,1,,
LEV,GenoType MTBDRsl Ver 2.0,gyrB,N499D,,1,,
LEV,GenoType MTBDRsl Ver 2.0,gyrB,E501D,,1,,
LEV,GenoType MTBDRsl Ver 2.0,gyrA,,85,1,,
LEV,GenoType MTBDRsl Ver 2.0,gyrB,,497,1,,
MXF,GenoType MTBDRsl Ver 2.0,gyrA,,85,1,,
MXF,GenoType MTBDRsl Ver 2.0,gyrB,,497,1,,
KAN,GenoType MTBDRsl Ver 2.0,eis,,-37,,1,
KAN,GenoType MTBDRsl Ver 2.0,eis,,-10,,1,
KAN,GenoType MTBDRsl Ver 2.0,eis,,-12,,1,
KAN,GenoType MTBDRsl Ver 2.0,eis,,-14,,1,
LEV,GenoType MTBDRsl Ver 2.0,gyrA,,86,1,,
LEV,GenoType MTBDRsl Ver 2.0,gyrB,,498,1,,
MXF,GenoType MTBDRsl Ver 2.0,gyrA,,86,1,,
MXF,GenoType MTBDRsl Ver 2.0,gyrB,,498,1,,
LEV,GenoType MTBDRsl Ver 2.0,gyrA,,87,1,,
LEV,GenoType MTBDRsl Ver 2.0,gyrB,,499,1,,
MXF,GenoType MTBDRsl Ver 2.0,gyrA,,87,1,,
MXF,GenoType MTBDRsl Ver 2.0,gyrB,,499,1,,
LEV,GenoType MTBDRsl Ver 2.0,gyrA,,88,1,,
LEV,GenoType MTBDRsl Ver 2.0,gyrB,,500,1,,
MXF,GenoType MTBDRsl Ver 2.0,gyrA,,88,1,,
MXF,GenoType MTBDRsl Ver 2.0,gyrB,,500,1,,
LEV,GenoType MTBDRsl Ver 2.0,gyrA,,89,1,,
LEV,GenoType MTBDRsl Ver 2.0,gyrB,,501,1,,
MXF,GenoType MTBDRsl Ver 2.0,gyrA,,89,1,,
MXF,GenoType MTBDRsl Ver 2.0,gyrB,,501,1,,
LEV,GenoType MTBDRsl Ver 2.0,gyrA,,90,1,,
LEV,GenoType MTBDRsl Ver 2.0,gyrB,,502,1,,
MXF,GenoType MTBDRsl Ver 2.0,gyrA,,90,1,,
MXF,GenoType MTBDRsl Ver 2.0,gyrB,,502,1,,
LEV,GenoType MTBDRsl Ver 2.0,gyrA,,91,1,,
MXF,GenoType MTBDRsl Ver 2.0,gyrA,,91,1,,
LEV,GenoType MTBDRsl Ver 2.0,gyrA,,92,1,,
MXF,GenoType MTBDRsl Ver 2.0,gyrA,,92,1,,
LEV,GenoType MTBDRsl Ver 2.0,gyrA,,93,1,,
MXF,GenoType MTBDRsl Ver 2.0,gyrA,,93,1,,
MXF,GenoType MTBDRsl Ver 2.0,gyrA,,94,1,,
MXF,GenoType MTBDRsl Ver 2.0,gyrA,,95,1,,
MXF,GenoType MTBDRsl Ver 2.0,gyrA,,96,1,,
MXF,GenoType MTBDRsl Ver 2.0,gyrA,,,,,S95T
LEV,GenoType MTBDRsl Ver 2.0,gyrA,,94,1,,
LEV,GenoType MTBDRsl Ver 2.0,gyrA,,95,1,,
LEV,GenoType MTBDRsl Ver 2.0,gyrA,,96,1,,
LEV,GenoType MTBDRsl Ver 2.0,gyrA,,,,,S95T
AMI,GenoType MTBDRsl Ver 2.0,rrs,,1401,,1,
AMI,GenoType MTBDRsl Ver 2.0,rrs,,1402,,1,
CAP,GenoType MTBDRsl Ver 2.0,rrs,,1401,,1,
CAP,GenoType MTBDRsl Ver 2.0,rrs,,1402,,1,
KAN,GenoType MTBDRsl Ver 2.0,rrs,,1401,,1,
KAN,GenoType MTBDRsl Ver 2.0,rrs,,1402,,1,
KAN,GenoType MTBDRsl Ver 2.0,rrs,,1484,,1,
CAP,GenoType MTBDRsl Ver 2.0,rrs,,1484,,1,
AMI,GenoType MTBDRsl Ver 2.0,rrs,,1484,,1,
RIF,INNO-LiPA Rif. TB,rpoB,D435V,,1,,
RIF,INNO-LiPA Rif. TB,rpoB,H445Y,,1,,
RIF,INNO-LiPA Rif. TB,rpoB,H445D,,1,,
RIF,INNO-LiPA Rif. TB,rpoB,S450L,,1,,
RIF,INNO-LiPA Rif. TB,rpoB,,428,1,,
RIF,INNO-LiPA Rif. TB,rpoB,,429,1,,
RIF,INNO-LiPA Rif. TB,rpoB,,430,1,,
RIF,INNO-LiPA Rif. TB,rpoB,,431,1,,
RIF,INNO-LiPA Rif. TB,rpoB,,432,1,,
RIF,INNO-LiPA Rif. TB,rpoB,,433,1,,
RIF,INNO-LiPA Rif. TB,rpoB,,434,1,,
RIF,INNO-LiPA Rif. TB,rpoB,,435,1,,
RIF,INNO-LiPA Rif. TB,rpoB,,436,1,,
RIF,INNO-LiPA Rif. TB,rpoB,,437,1,,
RIF,INNO-LiPA Rif. TB,rpoB,,438,1,,
RIF,INNO-LiPA Rif. TB,rpoB,,439,1,,
RIF,INNO-LiPA Rif. TB,rpoB,,440,1,,
RIF,INNO-LiPA Rif. TB,rpoB,,441,1,,
RIF,INNO-LiPA Rif. TB,rpoB,,442,1,,
RIF,INNO-LiPA Rif. TB,rpoB,,443,1,,
RIF,INNO-LiPA Rif. TB,rpoB,,444,1,,
RIF,INNO-LiPA Rif. TB,rpoB,,445,1,,
RIF,INNO-LiPA Rif. TB,rpoB,,446,1,,
RIF,INNO-LiPA Rif. TB,rpoB,,447,1,,
RIF,INNO-LiPA Rif. TB,rpoB,,448,1,,
RIF,INNO-LiPA Rif. TB,rpoB,,449,1,,
RIF,INNO-LiPA Rif. TB,rpoB,,450,1,,
RIF,INNO-LiPA Rif. TB,rpoB,,451,1,,
RIF,INNO-LiPA Rif. TB,rpoB,,452,1,,
RIF,INNO-LiPA Rif. TB,rpoB,,453,1,,
RIF,TrueNat MTB/Rif,rpoB,Q432L,,1,,
RIF,TrueNat MTB/Rif,rpoB,Q432P,,1,,
RIF,TrueNat MTB/Rif,rpoB,D435V,,1,,
RIF,TrueNat MTB/Rif,rpoB,D435G,,1,,
RIF,TrueNat MTB/Rif,rpoB,D435Y,,1,,
RIF,TrueNat MTB/Rif,rpoB,H445D,,1,,
RIF,TrueNat MTB/Rif,rpoB,H445N,,1,,
RIF,TrueNat MTB/Rif,rpoB,H445L,,1,,
RIF,TrueNat MTB/Rif,rpoB,H445R,,1,,
RIF,TrueNat MTB/Rif,rpoB,H445Y,,1,,
RIF,TrueNat MTB/Rif,rpoB,S450L,,1,,
RIF,TrueNat MTB/Rif,rpoB,S450W,,1,,
RIF,TrueNat MTB/Rif,rpoB,L452P,,1,,
RIF,Xpert MTB/RIF,rpoB,,426,1,,
RIF,Xpert MTB/RIF,rpoB,,427,1,,
RIF,Xpert MTB/RIF,rpoB,,428,1,,
RIF,Xpert MTB/RIF,rpoB,,429,1,,
RIF,Xpert MTB/RIF,rpoB,,430,1,,
RIF,Xpert MTB/RIF,rpoB,,431,1,,
RIF,Xpert MTB/RIF,rpoB,,432,1,,
RIF,Xpert MTB/RIF,rpoB,,433,1,,
RIF,Xpert MTB/RIF,rpoB,,434,1,,
RIF,Xpert MTB/RIF,rpoB,,435,1,,
RIF,Xpert MTB/RIF,rpoB,,436,1,,
RIF,Xpert MTB/RIF,rpoB,,437,1,,
RIF,Xpert MTB/RIF,rpoB,,438,1,,
RIF,Xpert MTB/RIF,rpoB,,439,1,,
RIF,Xpert MTB/RIF,rpoB,,440,1,,
RIF,Xpert MTB/RIF,rpoB,,441,1,,
RIF,Xpert MTB/RIF,rpoB,,442,1,,
RIF,Xpert MTB/RIF,rpoB,,443,1,,
RIF,Xpert MTB/RIF,rpoB,,444,1,,
RIF,Xpert MTB/RIF,rpoB,,445,1,,
RIF,Xpert MTB/RIF,rpoB,,446,1,,
RIF,Xpert MTB/RIF,rpoB,,447,1,,
RIF,Xpert MTB/RIF,rpoB,,448,1,,
RIF,Xpert MTB/RIF,rpoB,,449,1,,
RIF,Xpert MTB/RIF,rpoB,,450,1,,
RIF,Xpert MTB/RIF,rpoB,,451,1,,
RIF,Xpert MTB/RIF,rpoB,,452,1,,
RIF,Xpert MTB/RIF Ultra,rpoB,,426,1,,
RIF,Xpert MTB/RIF Ultra,rpoB,,427,1,,
RIF,Xpert MTB/RIF Ultra,rpoB,,428,1,,
RIF,Xpert MTB/RIF Ultra,rpoB,,429,1,,
RIF,Xpert MTB/RIF Ultra,rpoB,,430,1,,
RIF,Xpert MTB/RIF Ultra,rpoB,,431,1,,
RIF,Xpert MTB/RIF Ultra,rpoB,,432,1,,
RIF,Xpert MTB/RIF Ultra,rpoB,,433,1,,
RIF,Xpert MTB/RIF Ultra,rpoB,,434,1,,
RIF,Xpert MTB/RIF Ultra,rpoB,,435,1,,
RIF,Xpert MTB/RIF Ultra,rpoB,,436,1,,
RIF,Xpert MTB/RIF Ultra,rpoB,,437,1,,
RIF,Xpert MTB/RIF Ultra,rpoB,,438,1,,
RIF,Xpert MTB/RIF Ultra,rpoB,,439,1,,
RIF,Xpert MTB/RIF Ultra,rpoB,,440,1,,
RIF,Xpert MTB/RIF Ultra,rpoB,,441,1,,
RIF,Xpert MTB/RIF Ultra,rpoB,,442,1,,
RIF,Xpert MTB/RIF Ultra,rpoB,,443,1,,
RIF,Xpert MTB/RIF Ultra,rpoB,,444,1,,
RIF,Xpert MTB/RIF Ultra,rpoB,,445,1,,
RIF,Xpert MTB/RIF Ultra,rpoB,,446,1,,
RIF,Xpert MTB/RIF Ultra,rpoB,,447,1,,
RIF,Xpert MTB/RIF Ultra,rpoB,,448,1,,
RIF,Xpert MTB/RIF Ultra,rpoB,,449,1,,
RIF,Xpert MTB/RIF Ultra,rpoB,,450,1,,
RIF,Xpert MTB/RIF Ultra,rpoB,,451,1,,
RIF,Xpert MTB/RIF Ultra,rpoB,,452,1,,
RIF,Xpert MTB/RIF Ultra,rpoB,,,,,Q432Q
RIF,Xpert MTB/RIF Ultra,rpoB,,,,,F433F
MXF,Xpert MTB/XDR,gyrA,A90V,,1,,
MXF,Xpert MTB/XDR,gyrA,S91P,,1,,
MXF,Xpert MTB/XDR,gyrA,D94A,,1,,
MXF,Xpert MTB/XDR,gyrA,D94N,,1,,
MXF,Xpert MTB/XDR,gyrA,D94Y,,1,,
MXF,Xpert MTB/XDR,gyrA,D94G,,1,,
MXF,Xpert MTB/XDR,gyrA,D94H,,1,,
MXF,Xpert MTB/XDR,gyrA,G88C,,1,,
MXF,Xpert MTB/XDR,gyrA,G88A,,1,,
MXF,Xpert MTB/XDR,gyrB,D461N,,1,,
MXF,Xpert MTB/XDR,gyrB,D461V,,1,,
MXF,Xpert MTB/XDR,gyrB,N499T,,1,,
MXF,Xpert MTB/XDR,gyrB,E501D,,1,,
MXF,Xpert MTB/XDR,gyrB,E501V,,1,,
AMI,Xpert MTB/XDR,rrs,a1401g,,,1,
AMI,Xpert MTB/XDR,rrs,c1402t,,,1,
AMI,Xpert MTB/XDR,eis,c-14t,,,1,
CAP,Xpert MTB/XDR,rrs,a1401g,,,1,
CAP,Xpert MTB/XDR,rrs,c1402t,,,1,
CAP,Xpert MTB/XDR,eis,c-14t,,,1,
KAN,Xpert MTB/XDR,rrs,a1401g,,,1,
KAN,Xpert MTB/XDR,rrs,c1402t,,,1,
KAN,Xpert MTB/XDR,eis,c-14t,,,1,
KAN,Xpert MTB/XDR,eis,c-12t,,,1,
KAN,Xpert MTB/XDR,eis,g-10a,,,1,
KAN,Xpert MTB/XDR,eis,g-37t,,,1,
KAN,Xpert MTB/XDR,eis,-8_indel,,,1,
LEV,Xpert MTB/XDR,gyrA,A90V,,1,,
LEV,Xpert MTB/XDR,gyrA,S91P,,1,,
LEV,Xpert MTB/XDR,gyrA,D94A,,1,,
LEV,Xpert MTB/XDR,gyrA,D94N,,1,,
LEV,Xpert MTB/XDR,gyrA,D94Y,,1,,
LEV,Xpert MTB/XDR,gyrA,D94G,,1,,
LEV,Xpert MTB/XDR,gyrA,D94H,,1,,
LEV,Xpert MTB/XDR,gyrA,G88C,,1,,
LEV,Xpert MTB/XDR,gyrA,G88A,,1,,
LEV,Xpert MTB/XDR,gyrB,D461N,,1,,
LEV,Xpert MTB/XDR,gyrB,D461V,,1,,
LEV,Xpert MTB/XDR,gyrB,N499T,,1,,
LEV,Xpert MTB/XDR,gyrB,E501D,,1,,
LEV,Xpert MTB/XDR,gyrB,E501V,,1,,
INH,Xpert MTB/XDR,katG,S315T,,1,,
INH,Xpert MTB/XDR,inhA,c-15t,,,1,
INH,Xpert MTB/XDR,inhA,t-8c,,,1,
INH,Xpert MTB/XDR,inhA,t-8a,,,1,
INH,Xpert MTB/XDR,ahpC,g-48a,,,1,
INH,Xpert MTB/XDR,ahpC,c-39t,,,1,
INH,Xpert MTB/XDR,ahpC,g-6a,,,1,
INH,Xpert MTB/XDR,inhA,g609a,,,1,
ETH,Xpert MTB/XDR,inhA,c-15t,,,1,
ETH,Xpert MTB/XDR,inhA,t-8c,,,1,
ETH,Xpert MTB/XDR,inhA,t-8a,,,1,